{
  "n_nodes": 20,
  "avg_degree": 3.0,
  "graph_seed": 7,
  "n_gt_edges": 29,
  "locale_f1": 0.6428571428571429,
  "locale_precision": 0.6666666666666666,
  "locale_recall": 0.6206896551724138,
  "mosacd_f1": 0.25,
  "mosacd_precision": 0.25925925925925924,
  "mosacd_recall": 0.2413793103448276
}