{
  "n_nodes": 50,
  "avg_degree": 1.5,
  "graph_seed": 6,
  "n_gt_edges": 32,
  "locale_f1": 0.6031746031746031,
  "locale_precision": 0.6129032258064516,
  "locale_recall": 0.59375,
  "mosacd_f1": 0.3692307692307692,
  "mosacd_precision": 0.36363636363636365,
  "mosacd_recall": 0.375
}