{
  "n_nodes": 30,
  "avg_degree": 2.0,
  "graph_seed": 4,
  "n_gt_edges": 35,
  "locale_f1": 0.43478260869565216,
  "locale_precision": 0.4411764705882353,
  "locale_recall": 0.42857142857142855,
  "mosacd_f1": 0.43478260869565216,
  "mosacd_precision": 0.4411764705882353,
  "mosacd_recall": 0.42857142857142855
}