{
  "n_nodes": 20,
  "avg_degree": 3.0,
  "graph_seed": 5,
  "n_gt_edges": 29,
  "locale_f1": 0.48148148148148145,
  "locale_precision": 0.52,
  "locale_recall": 0.4482758620689655,
  "mosacd_f1": 0.4074074074074074,
  "mosacd_precision": 0.44,
  "mosacd_recall": 0.3793103448275862
}