{
  "n_nodes": 20,
  "avg_degree": 3.0,
  "graph_seed": 8,
  "n_gt_edges": 30,
  "locale_f1": 0.4482758620689655,
  "locale_precision": 0.4642857142857143,
  "locale_recall": 0.43333333333333335,
  "mosacd_f1": 0.2413793103448276,
  "mosacd_precision": 0.25,
  "mosacd_recall": 0.23333333333333334
}