{
  "n_nodes": 50,
  "avg_degree": 2.0,
  "graph_seed": 5,
  "n_gt_edges": 54,
  "locale_f1": 0.5544554455445543,
  "locale_precision": 0.5957446808510638,
  "locale_recall": 0.5185185185185185,
  "mosacd_f1": 0.3725490196078432,
  "mosacd_precision": 0.3958333333333333,
  "mosacd_recall": 0.35185185185185186
}