{
  "n_nodes": 20,
  "avg_degree": 1.5,
  "graph_seed": 3,
  "n_gt_edges": 9,
  "locale_f1": 0.6250000000000001,
  "locale_precision": 0.7142857142857143,
  "locale_recall": 0.5555555555555556,
  "mosacd_f1": 0.5263157894736842,
  "mosacd_precision": 0.5,
  "mosacd_recall": 0.5555555555555556
}