{
  "n_nodes": 20,
  "avg_degree": 2.0,
  "graph_seed": 7,
  "n_gt_edges": 19,
  "locale_f1": 0.7368421052631579,
  "locale_precision": 0.7368421052631579,
  "locale_recall": 0.7368421052631579,
  "mosacd_f1": 0.3157894736842105,
  "mosacd_precision": 0.3157894736842105,
  "mosacd_recall": 0.3157894736842105
}