{
  "method": "mosacd_baseline",
  "network": "water",
  "n_samples": 10000,
  "seed": 2,
  "model": "Qwen/Qwen3.5-27B-FP8",
  "enable_thinking": false,
  "n_repeats": 5,
  "pc_alpha": 0.05,
  "skeleton": {
    "n_nodes": 32,
    "n_edges": 30,
    "tp": 30,
    "fp": 0,
    "fn": 36,
    "coverage": 0.45454545454545453
  },
  "seeding": {
    "total_queries": 300,
    "n_consistent": 25,
    "n_inconsistent": 1,
    "n_undecided": 4,
    "n_valid_seeds": 25,
    "seed_accuracy": 0.96
  },
  "metrics": {
    "tp": 29,
    "fp": 1,
    "fn": 37,
    "precision": 0.9666666666666667,
    "recall": 0.4393939393939394,
    "f1": 0.6041666666666667,
    "shd": 37,
    "n_directed": 30,
    "n_undirected_remaining": 0
  },
  "elapsed_seconds": 1698.728411912918,
  "all_votes": {
    "CNOD_12_15-CNOD_12_30": [
      "CNOD_12_15->CNOD_12_30",
      "CNOD_12_15->CNOD_12_30",
      "CNOD_12_15->CNOD_12_30",
      "CNOD_12_15->CNOD_12_30",
      "CNOD_12_15->CNOD_12_30",
      "CNOD_12_15->CNOD_12_30",
      "CNOD_12_15->CNOD_12_30",
      "CNOD_12_15->CNOD_12_30",
      "CNOD_12_15->CNOD_12_30",
      "CNOD_12_15->CNOD_12_30"
    ],
    "CBODD_12_45-CKNI_12_30": [
      "CKNI_12_30->CBODD_12_45",
      "CKNI_12_30->CBODD_12_45",
      "undecided",
      "CKNI_12_30->CBODD_12_45",
      "CKNI_12_30->CBODD_12_45",
      "CKNI_12_30->CBODD_12_45",
      "CKNI_12_30->CBODD_12_45",
      "CKNI_12_30->CBODD_12_45",
      "undecided",
      "CKNI_12_30->CBODD_12_45"
    ],
    "CBODD_12_30-CBODD_12_45": [
      "CBODD_12_30->CBODD_12_45",
      "CBODD_12_30->CBODD_12_45",
      "CBODD_12_30->CBODD_12_45",
      "CBODD_12_30->CBODD_12_45",
      "CBODD_12_30->CBODD_12_45",
      "CBODD_12_30->CBODD_12_45",
      "CBODD_12_30->CBODD_12_45",
      "CBODD_12_30->CBODD_12_45",
      "CBODD_12_30->CBODD_12_45",
      "CBODD_12_30->CBODD_12_45"
    ],
    "CKND_12_15-CKNI_12_00": [
      "CKNI_12_00->CKND_12_15",
      "CKNI_12_00->CKND_12_15",
      "CKNI_12_00->CKND_12_15",
      "CKNI_12_00->CKND_12_15",
      "CKNI_12_00->CKND_12_15",
      "CKNI_12_00->CKND_12_15",
      "CKNI_12_00->CKND_12_15",
      "CKNI_12_00->CKND_12_15",
      "CKNI_12_00->CKND_12_15",
      "CKNI_12_00->CKND_12_15"
    ],
    "CKNN_12_30-CNON_12_45": [
      "CKNN_12_30->CNON_12_45",
      "CKNN_12_30->CNON_12_45",
      "CKNN_12_30->CNON_12_45",
      "CKNN_12_30->CNON_12_45",
      "CKNN_12_30->CNON_12_45",
      "CKNN_12_30->CNON_12_45",
      "CKNN_12_30->CNON_12_45",
      "CKNN_12_30->CNON_12_45",
      "CKNN_12_30->CNON_12_45",
      "CKNN_12_30->CNON_12_45"
    ],
    "CKND_12_45-CKNI_12_30": [
      "CKNI_12_30->CKND_12_45",
      "CKNI_12_30->CKND_12_45",
      "CKNI_12_30->CKND_12_45",
      "CKNI_12_30->CKND_12_45",
      "CKNI_12_30->CKND_12_45",
      "CKNI_12_30->CKND_12_45",
      "CKNI_12_30->CKND_12_45",
      "CKNI_12_30->CKND_12_45",
      "CKNI_12_30->CKND_12_45",
      "CKNI_12_30->CKND_12_45"
    ],
    "CBODD_12_15-C_NI_12_00": [
      "C_NI_12_00->CBODD_12_15",
      "C_NI_12_00->CBODD_12_15",
      "C_NI_12_00->CBODD_12_15",
      "C_NI_12_00->CBODD_12_15",
      "C_NI_12_00->CBODD_12_15",
      "C_NI_12_00->CBODD_12_15",
      "C_NI_12_00->CBODD_12_15",
      "C_NI_12_00->CBODD_12_15",
      "C_NI_12_00->CBODD_12_15",
      "C_NI_12_00->CBODD_12_15"
    ],
    "CKNI_12_00-CKNI_12_15": [
      "CKNI_12_00->CKNI_12_15",
      "CKNI_12_00->CKNI_12_15",
      "CKNI_12_00->CKNI_12_15",
      "CKNI_12_00->CKNI_12_15",
      "CKNI_12_00->CKNI_12_15",
      "CKNI_12_00->CKNI_12_15",
      "CKNI_12_00->CKNI_12_15",
      "CKNI_12_00->CKNI_12_15",
      "CKNI_12_00->CKNI_12_15",
      "CKNI_12_00->CKNI_12_15"
    ],
    "CKND_12_30-CKND_12_45": [
      "undecided",
      "undecided",
      "undecided",
      "undecided",
      "undecided",
      "undecided",
      "undecided",
      "undecided",
      "undecided",
      "undecided"
    ],
    "CKNI_12_30-CKNI_12_45": [
      "CKNI_12_30->CKNI_12_45",
      "CKNI_12_30->CKNI_12_45",
      "CKNI_12_30->CKNI_12_45",
      "CKNI_12_30->CKNI_12_45",
      "CKNI_12_30->CKNI_12_45",
      "undecided",
      "undecided",
      "CKNI_12_30->CKNI_12_45",
      "CKNI_12_30->CKNI_12_45",
      "undecided"
    ],
    "C_NI_12_00-C_NI_12_15": [
      "C_NI_12_00->C_NI_12_15",
      "C_NI_12_00->C_NI_12_15",
      "C_NI_12_00->C_NI_12_15",
      "C_NI_12_00->C_NI_12_15",
      "C_NI_12_00->C_NI_12_15",
      "C_NI_12_00->C_NI_12_15",
      "C_NI_12_00->C_NI_12_15",
      "C_NI_12_00->C_NI_12_15",
      "C_NI_12_00->C_NI_12_15",
      "C_NI_12_00->C_NI_12_15"
    ],
    "C_NI_12_15-C_NI_12_30": [
      "C_NI_12_15->C_NI_12_30",
      "C_NI_12_15->C_NI_12_30",
      "C_NI_12_15->C_NI_12_30",
      "C_NI_12_15->C_NI_12_30",
      "C_NI_12_15->C_NI_12_30",
      "C_NI_12_15->C_NI_12_30",
      "C_NI_12_15->C_NI_12_30",
      "C_NI_12_15->C_NI_12_30",
      "C_NI_12_15->C_NI_12_30",
      "C_NI_12_15->C_NI_12_30"
    ],
    "CBODN_12_30-CBODN_12_45": [
      "CBODN_12_30->CBODN_12_45",
      "CBODN_12_30->CBODN_12_45",
      "CBODN_12_30->CBODN_12_45",
      "CBODN_12_30->CBODN_12_45",
      "CBODN_12_30->CBODN_12_45",
      "CBODN_12_30->CBODN_12_45",
      "CBODN_12_30->CBODN_12_45",
      "CBODN_12_30->CBODN_12_45",
      "CBODN_12_30->CBODN_12_45",
      "CBODN_12_30->CBODN_12_45"
    ],
    "CNON_12_30-CNON_12_45": [
      "CNON_12_30->CNON_12_45",
      "CNON_12_30->CNON_12_45",
      "CNON_12_30->CNON_12_45",
      "CNON_12_30->CNON_12_45",
      "CNON_12_30->CNON_12_45",
      "CNON_12_30->CNON_12_45",
      "CNON_12_30->CNON_12_45",
      "CNON_12_30->CNON_12_45",
      "CNON_12_30->CNON_12_45",
      "CNON_12_30->CNON_12_45"
    ],
    "CKND_12_30-CKNN_12_45": [
      "undecided",
      "undecided",
      "undecided",
      "undecided",
      "undecided",
      "undecided",
      "undecided",
      "undecided",
      "undecided",
      "undecided"
    ],
    "C_NI_12_30-C_NI_12_45": [
      "C_NI_12_30->C_NI_12_45",
      "C_NI_12_30->C_NI_12_45",
      "C_NI_12_30->C_NI_12_45",
      "C_NI_12_30->C_NI_12_45",
      "C_NI_12_30->C_NI_12_45",
      "C_NI_12_30->C_NI_12_45",
      "C_NI_12_30->C_NI_12_45",
      "C_NI_12_30->C_NI_12_45",
      "C_NI_12_30->C_NI_12_45",
      "C_NI_12_30->C_NI_12_45"
    ],
    "CBODN_12_15-CBODN_12_30": [
      "CBODN_12_15->CBODN_12_30",
      "CBODN_12_15->CBODN_12_30",
      "CBODN_12_15->CBODN_12_30",
      "CBODN_12_15->CBODN_12_30",
      "CBODN_12_15->CBODN_12_30",
      "CBODN_12_15->CBODN_12_30",
      "CBODN_12_15->CBODN_12_30",
      "CBODN_12_15->CBODN_12_30",
      "CBODN_12_15->CBODN_12_30",
      "CBODN_12_15->CBODN_12_30"
    ],
    "CBODD_12_15-CKNI_12_00": [
      "CKNI_12_00->CBODD_12_15",
      "CKNI_12_00->CBODD_12_15",
      "CKNI_12_00->CBODD_12_15",
      "CKNI_12_00->CBODD_12_15",
      "CKNI_12_00->CBODD_12_15",
      "CKNI_12_00->CBODD_12_15",
      "CKNI_12_00->CBODD_12_15",
      "CKNI_12_00->CBODD_12_15",
      "CKNI_12_00->CBODD_12_15",
      "CKNI_12_00->CBODD_12_15"
    ],
    "CBODD_12_45-C_NI_12_30": [
      "undecided",
      "undecided",
      "CBODD_12_45->C_NI_12_30",
      "C_NI_12_30->CBODD_12_45",
      "CBODD_12_45->C_NI_12_30",
      "C_NI_12_30->CBODD_12_45",
      "CBODD_12_45->C_NI_12_30",
      "CBODD_12_45->C_NI_12_30",
      "undecided",
      "C_NI_12_30->CBODD_12_45"
    ],
    "CBODD_12_30-CKNI_12_15": [
      "CKNI_12_15->CBODD_12_30",
      "CKNI_12_15->CBODD_12_30",
      "CKNI_12_15->CBODD_12_30",
      "CKNI_12_15->CBODD_12_30",
      "CKNI_12_15->CBODD_12_30",
      "CKNI_12_15->CBODD_12_30",
      "CKNI_12_15->CBODD_12_30",
      "CKNI_12_15->CBODD_12_30",
      "CKNI_12_15->CBODD_12_30",
      "CKNI_12_15->CBODD_12_30"
    ],