{
  "n_nodes": 20,
  "avg_degree": 1.5,
  "graph_seed": 1,
  "n_gt_edges": 23,
  "locale_f1": 0.43478260869565216,
  "locale_precision": 0.43478260869565216,
  "locale_recall": 0.43478260869565216,
  "mosacd_f1": 0.5217391304347826,
  "mosacd_precision": 0.5217391304347826,
  "mosacd_recall": 0.5217391304347826
}