{
  "n_nodes": 50,
  "avg_degree": 3.0,
  "graph_seed": 6,
  "n_gt_edges": 66,
  "locale_f1": 0.5,
  "locale_precision": 0.5161290322580645,
  "locale_recall": 0.48484848484848486,
  "mosacd_f1": 0.39062499999999994,
  "mosacd_precision": 0.4032258064516129,
  "mosacd_recall": 0.3787878787878788
}