{
  "n_nodes": 20,
  "avg_degree": 2.0,
  "graph_seed": 6,
  "n_gt_edges": 21,
  "locale_f1": 0.6666666666666666,
  "locale_precision": 0.6666666666666666,
  "locale_recall": 0.6666666666666666,
  "mosacd_f1": 0.2857142857142857,
  "mosacd_precision": 0.2857142857142857,
  "mosacd_recall": 0.2857142857142857
}