{
  "n_nodes": 30,
  "avg_degree": 1.5,
  "graph_seed": 7,
  "n_gt_edges": 22,
  "locale_f1": 0.6046511627906977,
  "locale_precision": 0.6190476190476191,
  "locale_recall": 0.5909090909090909,
  "mosacd_f1": 0.2727272727272727,
  "mosacd_precision": 0.2727272727272727,
  "mosacd_recall": 0.2727272727272727
}