{
  "n_nodes": 20,
  "avg_degree": 2.0,
  "graph_seed": 5,
  "n_gt_edges": 22,
  "locale_f1": 0.5116279069767442,
  "locale_precision": 0.5238095238095238,
  "locale_recall": 0.5,
  "mosacd_f1": 0.37209302325581395,
  "mosacd_precision": 0.38095238095238093,
  "mosacd_recall": 0.36363636363636365
}