{
  "n_nodes": 30,
  "avg_degree": 2.0,
  "graph_seed": 7,
  "n_gt_edges": 31,
  "locale_f1": 0.5517241379310345,
  "locale_precision": 0.5925925925925926,
  "locale_recall": 0.5161290322580645,
  "mosacd_f1": 0.1694915254237288,
  "mosacd_precision": 0.17857142857142858,
  "mosacd_recall": 0.16129032258064516
}