{
  "insurance": {
    "0": {
      "tp": 40,
      "fp": 3,
      "fn": 12,
      "precision": 0.9302325581395349,
      "recall": 0.7692307692307693,
      "f1": 0.8421052631578948,
      "accuracy": 93.02325581395348,
      "n_gt_edges": 52,
      "n_oriented": 43
    },
    "1": {
      "tp": 41,
      "fp": 2,
      "fn": 11,
      "precision": 0.9534883720930233,
      "recall": 0.7884615384615384,
      "f1": 0.8631578947368421,
      "accuracy": 95.34883720930233,
      "n_gt_edges": 52,
      "n_oriented": 43
    },
    "2": {
      "tp": 40,
      "fp": 3,
      "fn": 12,
      "precision": 0.9302325581395349,
      "recall": 0.7692307692307693,
      "f1": 0.8421052631578948,
      "accuracy": 93.02325581395348,
      "n_gt_edges": 52,
      "n_oriented": 43
    }
  },
  "alarm": {
    "0": {
      "tp": 39,
      "fp": 4,
      "fn": 7,
      "precision": 0.9069767441860465,
      "recall": 0.8478260869565217,
      "f1": 0.8764044943820224,
      "accuracy": 90.69767441860465,
      "n_gt_edges": 46,
      "n_oriented": 43
    },
    "1": {
      "tp": 38,
      "fp": 5,
      "fn": 8,
      "precision": 0.8837209302325582,
      "recall": 0.8260869565217391,
      "f1": 0.853932584269663,
      "accuracy": 88.37209302325581,
      "n_gt_edges": 46,
      "n_oriented": 43
    },
    "2": {
      "tp": 39,
      "fp": 4,
      "fn": 7,
      "precision": 0.9069767441860465,
      "recall": 0.8478260869565217,
      "f1": 0.8764044943820224,
      "accuracy": 90.69767441860465,
      "n_gt_edges": 46,
      "n_oriented": 43
    }
  },
  "sachs": {
    "0": {
      "tp": 14,
      "fp": 3,
      "fn": 3,
      "precision": 0.8235294117647058,
      "recall": 0.8235294117647058,
      "f1": 0.8235294117647058,
      "accuracy": 82.35294117647058,
      "n_gt_edges": 17,
      "n_oriented": 17
    },
    "1": {
      "tp": 14,
      "fp": 3,
      "fn": 3,
      "precision": 0.8235294117647058,
      "recall": 0.8235294117647058,
      "f1": 0.8235294117647058,
      "accuracy": 82.35294117647058,
      "n_gt_edges": 17,
      "n_oriented": 17
    },
    "2": {
      "tp": 15,
      "fp": 2,
      "fn": 2,
      "precision": 0.8823529411764706,
      "recall": 0.8823529411764706,
      "f1": 0.8823529411764706,
      "accuracy": 88.23529411764706,
      "n_gt_edges": 17,
      "n_oriented": 17
    }
  },
  "child": {
    "0": {
      "tp": 22,
      "fp": 3,
      "fn": 3,
      "precision": 0.88,
      "recall": 0.88,
      "f1": 0.88,
      "accuracy": 88.0,
      "n_gt_edges": 25,
      "n_oriented": 25
    },
    "1": {
      "tp": 23,
      "fp": 2,
      "fn": 2,
      "precision": 0.92,
      "recall": 0.92,
      "f1": 0.92,
      "accuracy": 92.0,
      "n_gt_edges": 25,
      "n_oriented": 25
    },
    "2": {
      "tp": 23,
      "fp": 2,
      "fn": 2,
      "precision": 0.92,
      "recall": 0.92,
      "f1": 0.92,
      "accuracy": 92.0,
      "n_gt_edges": 25,
      "n_oriented": 25
    }
  },
  "asia": {
    "0": {
      "tp": 6,
      "fp": 1,
      "fn": 2,
      "precision": 0.8571428571428571,
      "recall": 0.75,
      "f1": 0.7999999999999999,
      "accuracy": 85.71428571428571,
      "n_gt_edges": 8,
      "n_oriented": 7
    },
    "1": {
      "tp": 7,
      "fp": 0,
      "fn": 1,
      "precision": 1.0,
      "recall": 0.875,
      "f1": 0.9333333333333333,
      "accuracy": 100.0,
      "n_gt_edges": 8,
      "n_oriented": 7
    },
    "2": {
      "tp": 6,
      "fp": 1,
      "fn": 2,
      "precision": 0.8571428571428571,
      "recall": 0.75,
      "f1": 0.7999999999999999,
      "accuracy": 85.71428571428571,
      "n_gt_edges": 8,
      "n_oriented": 7
    }
  }
}