{
  "cancer": {
    "0": {
      "tp": 4,
      "fp": 0,
      "fn": 0,
      "precision": 1.0,
      "recall": 1.0,
      "f1": 1.0,
      "accuracy": 100.0,
      "n_gt_edges": 4,
      "n_oriented": 4
    },
    "1": {
      "tp": 3,
      "fp": 0,
      "fn": 1,
      "precision": 1.0,
      "recall": 0.75,
      "f1": 0.8571428571428571,
      "accuracy": 100.0,
      "n_gt_edges": 4,
      "n_oriented": 3
    },
    "2": {
      "tp": 4,
      "fp": 0,
      "fn": 0,
      "precision": 1.0,
      "recall": 1.0,
      "f1": 1.0,
      "accuracy": 100.0,
      "n_gt_edges": 4,
      "n_oriented": 4
    },
    "42": {
      "tp": 4,
      "fp": 0,
      "fn": 0,
      "precision": 1.0,
      "recall": 1.0,
      "f1": 1.0,
      "accuracy": 100.0,
      "n_gt_edges": 4,
      "n_oriented": 4
    }
  },
  "water": {
    "0": {
      "tp": 22,
      "fp": 7,
      "fn": 44,
      "precision": 0.7586206896551724,
      "recall": 0.3333333333333333,
      "f1": 0.4631578947368421,
      "accuracy": 75.86206896551724,
      "n_gt_edges": 66,
      "n_oriented": 29
    },
    "1": {
      "tp": 28,
      "fp": 0,
      "fn": 38,
      "precision": 1.0,
      "recall": 0.42424242424242425,
      "f1": 0.5957446808510638,
      "accuracy": 100.0,
      "n_gt_edges": 66,
      "n_oriented": 28
    },
    "2": {
      "tp": 30,
      "fp": 0,
      "fn": 36,
      "precision": 1.0,
      "recall": 0.45454545454545453,
      "f1": 0.625,
      "accuracy": 100.0,
      "n_gt_edges": 66,
      "n_oriented": 30
    },
    "42": {
      "tp": 31,
      "fp": 1,
      "fn": 35,
      "precision": 0.96875,
      "recall": 0.4696969696969697,
      "f1": 0.6326530612244898,
      "accuracy": 96.875,
      "n_gt_edges": 66,
      "n_oriented": 32
    }
  },
  "mildew": {
    "0": {
      "tp": 35,
      "fp": 3,
      "fn": 11,
      "precision": 0.9210526315789473,
      "recall": 0.7608695652173914,
      "f1": 0.8333333333333333,
      "accuracy": 92.10526315789474,
      "n_gt_edges": 46,
      "n_oriented": 38
    },
    "1": {
      "tp": 38,
      "fp": 2,
      "fn": 8,
      "precision": 0.95,
      "recall": 0.8260869565217391,
      "f1": 0.8837209302325583,
      "accuracy": 95.0,
      "n_gt_edges": 46,
      "n_oriented": 40
    },
    "2": {
      "tp": 33,
      "fp": 2,
      "fn": 13,
      "precision": 0.9428571428571428,
      "recall": 0.717391304347826,
      "f1": 0.8148148148148148,
      "accuracy": 94.28571428571428,
      "n_gt_edges": 46,
      "n_oriented": 35
    },
    "42": {
      "tp": 38,
      "fp": 0,
      "fn": 8,
      "precision": 1.0,
      "recall": 0.8260869565217391,
      "f1": 0.9047619047619047,
      "accuracy": 100.0,
      "n_gt_edges": 46,
      "n_oriented": 38
    }
  },
  "win95pts": {
    "0": {
      "tp": 75,
      "fp": 16,
      "fn": 37,
      "precision": 0.8241758241758241,
      "recall": 0.6696428571428571,
      "f1": 0.7389162561576356,
      "accuracy": 82.41758241758241,
      "n_gt_edges": 112,
      "n_oriented": 91
    },
    "1": {
      "tp": 76,
      "fp": 19,
      "fn": 36,
      "precision": 0.8,
      "recall": 0.6785714285714286,
      "f1": 0.7342995169082126,
      "accuracy": 80.0,
      "n_gt_edges": 112,
      "n_oriented": 95
    },
    "2": {
      "tp": 56,
      "fp": 40,
      "fn": 56,
      "precision": 0.5833333333333334,
      "recall": 0.5,
      "f1": 0.5384615384615384,
      "accuracy": 58.333333333333336,
      "n_gt_edges": 112,
      "n_oriented": 96
    },
    "42": {
      "tp": 78,
      "fp": 14,
      "fn": 34,
      "precision": 0.8478260869565217,
      "recall": 0.6964285714285714,
      "f1": 0.7647058823529412,
      "accuracy": 84.78260869565217,
      "n_gt_edges": 112,
      "n_oriented": 92
    }
  }
}