{
  "cancer": {
    "0": {
      "tp": 4,
      "fp": 0,
      "fn": 0,
      "precision": 1.0,
      "recall": 1.0,
      "f1": 1.0,
      "shd": 0,
      "n_directed": 4
    },
    "1": {
      "tp": 3,
      "fp": 0,
      "fn": 1,
      "precision": 1.0,
      "recall": 0.75,
      "f1": 0.8571428571428571,
      "shd": 1,
      "n_directed": 3
    },
    "2": {
      "tp": 4,
      "fp": 0,
      "fn": 0,
      "precision": 1.0,
      "recall": 1.0,
      "f1": 1.0,
      "shd": 0,
      "n_directed": 4
    },
    "42": {
      "tp": 4,
      "fp": 0,
      "fn": 0,
      "precision": 1.0,
      "recall": 1.0,
      "f1": 1.0,
      "shd": 0,
      "n_directed": 4
    }
  },
  "water": {
    "0": {
      "tp": 27,
      "fp": 2,
      "fn": 39,
      "precision": 0.9310344827586207,
      "recall": 0.4090909090909091,
      "f1": 0.5684210526315789,
      "shd": 39,
      "n_directed": 29
    },
    "1": {
      "tp": 23,
      "fp": 5,
      "fn": 43,
      "precision": 0.8214285714285714,
      "recall": 0.3484848484848485,
      "f1": 0.4893617021276596,
      "shd": 43,
      "n_directed": 28
    },
    "2": {
      "tp": 29,
      "fp": 1,
      "fn": 37,
      "precision": 0.9666666666666667,
      "recall": 0.4393939393939394,
      "f1": 0.6041666666666667,
      "shd": 37,
      "n_directed": 30
    },
    "42": {
      "tp": 30,
      "fp": 2,
      "fn": 36,
      "precision": 0.9375,
      "recall": 0.45454545454545453,
      "f1": 0.6122448979591837,
      "shd": 37,
      "n_directed": 32
    }
  },
  "mildew": {
    "0": {
      "tp": 36,
      "fp": 2,
      "fn": 10,
      "precision": 0.9473684210526315,
      "recall": 0.782608695652174,
      "f1": 0.8571428571428571,
      "shd": 11,
      "n_directed": 38
    },
    "1": {
      "tp": 37,
      "fp": 3,
      "fn": 9,
      "precision": 0.925,
      "recall": 0.8043478260869565,
      "f1": 0.8604651162790697,
      "shd": 11,
      "n_directed": 40
    },
    "2": {
      "tp": 33,
      "fp": 2,
      "fn": 13,
      "precision": 0.9428571428571428,
      "recall": 0.717391304347826,
      "f1": 0.8148148148148148,
      "shd": 14,
      "n_directed": 35
    },
    "42": {
      "tp": 38,
      "fp": 0,
      "fn": 8,
      "precision": 1.0,
      "recall": 0.8260869565217391,
      "f1": 0.9047619047619047,
      "shd": 8,
      "n_directed": 38
    }
  },
  "win95pts": {
    "0": {
      "tp": 58,
      "fp": 35,
      "fn": 54,
      "precision": 0.6236559139784946,
      "recall": 0.5178571428571429,
      "f1": 0.5658536585365854,
      "shd": 62,
      "n_directed": 93
    },
    "1": {
      "tp": 69,
      "fp": 27,
      "fn": 43,
      "precision": 0.71875,
      "recall": 0.6160714285714286,
      "f1": 0.6634615384615384,
      "shd": 55,
      "n_directed": 96
    },
    "2": {
      "tp": 53,
      "fp": 45,
      "fn": 59,
      "precision": 0.5408163265306123,
      "recall": 0.4732142857142857,
      "f1": 0.5047619047619049,
      "shd": 68,
      "n_directed": 98
    },
    "42": {
      "tp": 57,
      "fp": 36,
      "fn": 55,
      "precision": 0.6129032258064516,
      "recall": 0.5089285714285714,
      "f1": 0.5560975609756097,
      "shd": 64,
      "n_directed": 93
    }
  }
}