{
  "seeds": [
    0,
    1,
    2,
    42
  ],
  "networks": [
    "insurance",
    "alarm",
    "sachs",
    "child",
    "asia"
  ],
  "locale": {
    "insurance": {
      "0": {
        "tp": 40,
        "fp": 3,
        "fn": 12,
        "precision": 0.9302325581395349,
        "recall": 0.7692307692307693,
        "f1": 0.8421052631578948,
        "n_gt": 52,
        "n_skel": 43
      },
      "1": {
        "tp": 41,
        "fp": 2,
        "fn": 11,
        "precision": 0.9534883720930233,
        "recall": 0.7884615384615384,
        "f1": 0.8631578947368421,
        "n_gt": 52,
        "n_skel": 43
      },
      "2": {
        "tp": 40,
        "fp": 3,
        "fn": 12,
        "precision": 0.9302325581395349,
        "recall": 0.7692307692307693,
        "f1": 0.8421052631578948,
        "n_gt": 52,
        "n_skel": 43
      },
      "42": {
        "tp": 41,
        "fp": 2,
        "fn": 11,
        "precision": 0.9534883720930233,
        "recall": 0.7884615384615384,
        "f1": 0.8631578947368421,
        "n_gt": 52,
        "n_skel": 43
      }
    },
    "alarm": {
      "0": {
        "tp": 39,
        "fp": 4,
        "fn": 7,
        "precision": 0.9069767441860465,
        "recall": 0.8478260869565217,
        "f1": 0.8764044943820224,
        "n_gt": 46,
        "n_skel": 43
      },
      "1": {
        "tp": 38,
        "fp": 5,
        "fn": 8,
        "precision": 0.8837209302325582,
        "recall": 0.8260869565217391,
        "f1": 0.853932584269663,
        "n_gt": 46,
        "n_skel": 43
      },
      "2": {
        "tp": 39,
        "fp": 4,
        "fn": 7,
        "precision": 0.9069767441860465,
        "recall": 0.8478260869565217,
        "f1": 0.8764044943820224,
        "n_gt": 46,
        "n_skel": 43
      },
      "42": {
        "tp": 40,
        "fp": 3,
        "fn": 6,
        "precision": 0.9302325581395349,
        "recall": 0.8695652173913043,
        "f1": 0.898876404494382,
        "n_gt": 46,
        "n_skel": 43
      }
    },
    "sachs": {
      "0": {
        "tp": 14,
        "fp": 3,
        "fn": 3,
        "precision": 0.8235294117647058,
        "recall": 0.8235294117647058,
        "f1": 0.8235294117647058,
        "n_gt": 17,
        "n_skel": 17
      },
      "1": {
        "tp": 14,
        "fp": 3,
        "fn": 3,
        "precision": 0.8235294117647058,
        "recall": 0.8235294117647058,
        "f1": 0.8235294117647058,
        "n_gt": 17,
        "n_skel": 17
      },
      "2": {
        "tp": 15,
        "fp": 2,
        "fn": 2,
        "precision": 0.8823529411764706,
        "recall": 0.8823529411764706,
        "f1": 0.8823529411764706,
        "n_gt": 17,
        "n_skel": 17
      },
      "42": {
        "tp": 13,
        "fp": 4,
        "fn": 4,
        "precision": 0.7647058823529411,
        "recall": 0.7647058823529411,
        "f1": 0.7647058823529412,
        "n_gt": 17,
        "n_skel": 17
      }
    },
    "child": {
      "0": {
        "tp": 22,
        "fp": 3,
        "fn": 3,
        "precision": 0.88,
        "recall": 0.88,
        "f1": 0.88,
        "n_gt": 25,
        "n_skel": 25
      },
      "1": {
        "tp": 23,
        "fp": 2,
        "fn": 2,
        "precision": 0.92,
        "recall": 0.92,
        "f1": 0.92,
        "n_gt": 25,
        "n_skel": 25
      },
      "2": {
        "tp": 23,
        "fp": 2,
        "fn": 2,
        "precision": 0.92,
        "recall": 0.92,
        "f1": 0.92,
        "n_gt": 25,
        "n_skel": 25
      },
      "42": {
        "tp": 22,
        "fp": 3,
        "fn": 3,
        "precision": 0.88,
        "recall": 0.88,
        "f1": 0.88,
        "n_gt": 25,
        "n_skel": 25
      }
    },
    "asia": {
      "0": {
        "tp": 6,
        "fp": 1,
        "fn": 2,
        "precision": 0.8571428571428571,
        "recall": 0.75,
        "f1": 0.7999999999999999,
        "n_gt": 8,
        "n_skel": 7
      },
      "1": {
        "tp": 7,
        "fp": 0,
        "fn": 1,
        "precision": 1.0,
        "recall": 0.875,
        "f1": 0.9333333333333333,
        "n_gt": 8,
        "n_skel": 7
      },
      "2": {
        "tp": 6,
        "fp": 1,
        "fn": 2,
        "precision": 0.8571428571428571,
        "recall": 0.75,
        "f1": 0.7999999999999999,
        "n_gt": 8,
        "n_skel": 7
      },
      "42": {
        "tp": 7,
        "fp": 0,
        "fn": 1,
        "precision": 1.0,
        "recall": 0.875,
        "f1": 0.9333333333333333,
        "n_gt": 8,
        "n_skel": 7
      }
    }
  },
  "mosacd": {
    "insurance": {
      "0": {
        "tp": 34,
        "fp": 8,
        "fn": 18,
        "precision": 0.8095238095238095,
        "recall": 0.6538461538461539,
        "f1": 0.7234042553191489
      },
      "1": {
        "tp": 40,
        "fp": 2,
        "fn": 12,
        "precision": 0.9523809523809523,
        "recall": 0.7692307692307693,
        "f1": 0.8510638297872339
      },
      "2": {
        "tp": 37,
        "fp": 5,
        "fn": 15,
        "precision": 0.8809523809523809,
        "recall": 0.7115384615384616,
        "f1": 0.7872340425531914
      },
      "42": {
        "tp": 41,
        "fp": 2,
        "fn": 11,
        "precision": 0.9534883720930233,
        "recall": 0.7884615384615384,
        "f1": 0.8631578947368421
      }
    },
    "alarm": {
      "0": {
        "tp": 36,
        "fp": 9,
        "fn": 10,
        "precision": 0.8,
        "recall": 0.782608695652174,
        "f1": 0.7912087912087912
      },
      "1": {
        "tp": 37,
        "fp": 7,
        "fn": 9,
        "precision": 0.8409090909090909,
        "recall": 0.8043478260869565,
        "f1": 0.8222222222222223
      },
      "2": {
        "tp": 34,
        "fp": 7,
        "fn": 12,
        "precision": 0.8292682926829268,
        "recall": 0.7391304347826086,
        "f1": 0.7816091954022988
      },
      "42": {
        "tp": 36,
        "fp": 7,
        "fn": 10,
        "precision": 0.8372093023255814,
        "recall": 0.782608695652174,
        "f1": 0.8089887640449438
      }
    },
    "sachs": {
      "0": {
        "tp": 8,
        "fp": 11,
        "fn": 9,
        "precision": 0.42105263157894735,
        "recall": 0.47058823529411764,
        "f1": 0.4444444444444444
      },
      "1": {
        "tp": 7,
        "fp": 10,
        "fn": 10,
        "precision": 0.4117647058823529,
        "recall": 0.4117647058823529,
        "f1": 0.4117647058823529
      },
      "2": {
        "tp": 11,
        "fp": 6,
        "fn": 6,
        "precision": 0.6470588235294118,
        "recall": 0.6470588235294118,
        "f1": 0.6470588235294118
      },
      "42": {
        "tp": 10,
        "fp": 7,
        "fn": 7,
        "precision": 0.5882352941176471,
        "recall": 0.5882352941176471,
        "f1": 0.5882352941176471
      }
    },
    "child": {
      "0": {
        "tp": 22,
        "fp": 4,
        "fn": 3,
        "precision": 0.8461538461538461,
        "recall": 0.88,
        "f1": 0.8627450980392156
      },
      "1": {
        "tp": 22,
        "fp": 3,
        "fn": 3,
        "precision": 0.88,
        "recall": 0.88,
        "f1": 0.88
      },
      "2": {
        "tp": 22,
        "fp": 3,
        "fn": 3,
        "precision": 0.88,
        "recall": 0.88,
        "f1": 0.88
      },
      "42": {
        "tp": 22,
        "fp": 3,
        "fn": 3,
        "precision": 0.88,
        "recall": 0.88,
        "f1": 0.88
      }
    },
    "asia": {
      "0": {
        "tp": 7,
        "fp": 0,
        "fn": 1,
        "precision": 1.0,
        "recall": 0.875,
        "f1": 0.9333333333333333
      },
      "1": {
        "tp": 7,
        "fp": 0,
        "fn": 1,
        "precision": 1.0,
        "recall": 0.875,
        "f1": 0.9333333333333333
      },
      "2": {
        "tp": 7,
        "fp": 0,
        "fn": 1,
        "precision": 1.0,
        "recall": 0.875,
        "f1": 0.9333333333333333
      },