{
  "insurance": {
    "0": {
      "tp": 34,
      "fp": 8,
      "fn": 18,
      "precision": 0.8095238095238095,
      "recall": 0.6538461538461539,
      "f1": 0.7234042553191489,
      "shd": 20,
      "n_directed": 42
    },
    "1": {
      "tp": 40,
      "fp": 2,
      "fn": 12,
      "precision": 0.9523809523809523,
      "recall": 0.7692307692307693,
      "f1": 0.8510638297872339,
      "shd": 13,
      "n_directed": 42
    },
    "2": {
      "tp": 37,
      "fp": 5,
      "fn": 15,
      "precision": 0.8809523809523809,
      "recall": 0.7115384615384616,
      "f1": 0.7872340425531914,
      "shd": 18,
      "n_directed": 42
    }
  },
  "alarm": {
    "0": {
      "tp": 36,
      "fp": 9,
      "fn": 10,
      "precision": 0.8,
      "recall": 0.782608695652174,
      "f1": 0.7912087912087912,
      "shd": 11,
      "n_directed": 45
    },
    "1": {
      "tp": 37,
      "fp": 7,
      "fn": 9,
      "precision": 0.8409090909090909,
      "recall": 0.8043478260869565,
      "f1": 0.8222222222222223,
      "shd": 10,
      "n_directed": 44
    },
    "2": {
      "tp": 34,
      "fp": 7,
      "fn": 12,
      "precision": 0.8292682926829268,
      "recall": 0.7391304347826086,
      "f1": 0.7816091954022988,
      "shd": 12,
      "n_directed": 41
    }
  },
  "sachs": {
    "0": {
      "tp": 8,
      "fp": 11,
      "fn": 9,
      "precision": 0.42105263157894735,
      "recall": 0.47058823529411764,
      "f1": 0.4444444444444444,
      "shd": 11,
      "n_directed": 19
    },
    "1": {
      "tp": 7,
      "fp": 10,
      "fn": 10,
      "precision": 0.4117647058823529,
      "recall": 0.4117647058823529,
      "f1": 0.4117647058823529,
      "shd": 10,
      "n_directed": 17
    },
    "2": {
      "tp": 11,
      "fp": 6,
      "fn": 6,
      "precision": 0.6470588235294118,
      "recall": 0.6470588235294118,
      "f1": 0.6470588235294118,
      "shd": 6,
      "n_directed": 17
    }
  },
  "child": {
    "0": {
      "tp": 22,
      "fp": 4,
      "fn": 3,
      "precision": 0.8461538461538461,
      "recall": 0.88,
      "f1": 0.8627450980392156,
      "shd": 4,
      "n_directed": 26
    },
    "1": {
      "tp": 22,
      "fp": 3,
      "fn": 3,
      "precision": 0.88,
      "recall": 0.88,
      "f1": 0.88,
      "shd": 3,
      "n_directed": 25
    },
    "2": {
      "tp": 22,
      "fp": 3,
      "fn": 3,
      "precision": 0.88,
      "recall": 0.88,
      "f1": 0.88,
      "shd": 3,
      "n_directed": 25
    }
  },
  "asia": {
    "0": {
      "tp": 7,
      "fp": 0,
      "fn": 1,
      "precision": 1.0,
      "recall": 0.875,
      "f1": 0.9333333333333333,
      "shd": 1,
      "n_directed": 7
    },
    "1": {
      "tp": 7,
      "fp": 0,
      "fn": 1,
      "precision": 1.0,
      "recall": 0.875,
      "f1": 0.9333333333333333,
      "shd": 1,
      "n_directed": 7
    },
    "2": {
      "tp": 7,
      "fp": 0,
      "fn": 1,
      "precision": 1.0,
      "recall": 0.875,
      "f1": 0.9333333333333333,
      "shd": 1,
      "n_directed": 7
    }
  }
}