{
  "n_nodes": 50,
  "avg_degree": 2.0,
  "graph_seed": 7,
  "n_gt_edges": 48,
  "locale_f1": 0.6170212765957447,
  "locale_precision": 0.6304347826086957,
  "locale_recall": 0.6041666666666666,
  "mosacd_f1": 0.39999999999999997,
  "mosacd_precision": 0.40425531914893614,
  "mosacd_recall": 0.3958333333333333
}