{
  "n_nodes": 30,
  "avg_degree": 2.0,
  "graph_seed": 5,
  "n_gt_edges": 32,
  "locale_f1": 0.30000000000000004,
  "locale_precision": 0.32142857142857145,
  "locale_recall": 0.28125,
  "mosacd_f1": 0.2950819672131148,
  "mosacd_precision": 0.3103448275862069,
  "mosacd_recall": 0.28125
}