{
  "n_nodes": 20,
  "avg_degree": 1.5,
  "graph_seed": 6,
  "n_gt_edges": 19,
  "locale_f1": 0.631578947368421,
  "locale_precision": 0.631578947368421,
  "locale_recall": 0.631578947368421,
  "mosacd_f1": 0.3157894736842105,
  "mosacd_precision": 0.3157894736842105,
  "mosacd_recall": 0.3157894736842105
}