{
  "n_nodes": 20,
  "avg_degree": 1.5,
  "graph_seed": 4,
  "n_gt_edges": 13,
  "locale_f1": 0.6923076923076923,
  "locale_precision": 0.6923076923076923,
  "locale_recall": 0.6923076923076923,
  "mosacd_f1": 1.0,
  "mosacd_precision": 1.0,
  "mosacd_recall": 1.0
}