{
  "n_nodes": 20,
  "avg_degree": 3.0,
  "graph_seed": 4,
  "n_gt_edges": 27,
  "locale_f1": 0.3333333333333333,
  "locale_precision": 0.38095238095238093,
  "locale_recall": 0.2962962962962963,
  "mosacd_f1": 0.36734693877551017,
  "mosacd_precision": 0.4090909090909091,
  "mosacd_recall": 0.3333333333333333
}