{
  "n_nodes": 50,
  "avg_degree": 1.5,
  "graph_seed": 9,
  "n_gt_edges": 33,
  "locale_f1": 0.4615384615384615,
  "locale_precision": 0.46875,
  "locale_recall": 0.45454545454545453,
  "mosacd_f1": 0.6176470588235293,
  "mosacd_precision": 0.6,
  "mosacd_recall": 0.6363636363636364
}