{
  "n_nodes": 50,
  "avg_degree": 3.0,
  "graph_seed": 2,
  "n_gt_edges": 69,
  "locale_f1": 0.5074626865671642,
  "locale_precision": 0.5230769230769231,
  "locale_recall": 0.4927536231884058,
  "mosacd_f1": 0.548148148148148,
  "mosacd_precision": 0.5606060606060606,
  "mosacd_recall": 0.5362318840579711
}